{
  "schema": "item-0010-prospective-rho-profile-v1",
  "dispatch_pin": "8d82901785b36ab87dc413dc7f0cc1e992808748",
  "registry_sha256": "047bfe6e64146d78e851e2964033b6381ef78f1aa9802f02401276130f4e547b",
  "x": 1000000,
  "s": 0,
  "parameters": {
    "x": 1000000,
    "C_0": "2/log(3)",
    "A_prime": "3/2",
    "A_double_prime": 48,
    "D": 15695,
    "J": 14,
    "K": 14,
    "L": 29,
    "k": 30,
    "W_floor": 600,
    "log_x": "13.81551055796427410410794872810618524560660893177263785619996740580543565806411488141598323053758979",
    "W": "600.974709271445923528695769672619058183887488532109746744698582152536451125788997341595270528385156",
    "precision_digits": 100,
    "boundary_stable_80_100": true
  },
  "N_sites": 78261,
  "class_count": 78261,
  "profiled_classes": 256,
  "profiled_residual_candidates": 36668,
  "profiled_admissible_candidates": 325,
  "wall_seconds": 10.44814144600059,
  "seconds_per_class": 0.04081305252343981,
  "projected_serial_seconds_one_s": 3194.070303536923,
  "projected_serial_hours_one_s": 0.8872417509824786,
  "projected_serial_hours_five_s": 4.436208754912393,
  "note": "Projection covers prospective A_P and rho_Q only. It excludes sieve/gap construction, sorting, realized rho, certificate tables, CRT strata, and output rendering."
}
