{
  "schema": "item-0010-phase3b-smoke-equivalence-v1",
  "dispatch_pin": "3d3abb3fdc80c34a690fccab3ae1ff8bdb20a47a",
  "registry_sha256": "047bfe6e64146d78e851e2964033b6381ef78f1aa9802f02401276130f4e547b",
  "x": 1000000,
  "s": 0,
  "class_partition": {
    "N": true,
    "F": true,
    "Q": true,
    "class_size_strata": true
  },
  "finite_anchor": {
    "optimized_A_table_equals_reference": true,
    "contaminated_class_count": 6,
    "contaminated_site_mass": 6
  },
  "comparison": {
    "exact_integer_and_profile_checks": {
      "A_P": true,
      "residual_domain": true,
      "prospective_off_domain": true,
      "realized_off_domain": true,
      "CRT_profiles": true
    },
    "prospective_reference_enclosed": true,
    "prospective_not_enclosed_count": 0,
    "prospective_binary64_equal_count": 76598,
    "prospective_count": 78261,
    "prospective_max_ulp_distance": 2,
    "prospective_max_absolute_difference": 7.105427357601002e-15,
    "realized_reference_enclosed": true,
    "realized_not_enclosed_count": 0,
    "realized_binary64_equal_count": 76439,
    "realized_count": 78261,
    "realized_max_ulp_distance": 1,
    "realized_max_absolute_difference": 9.094947017729282e-13,
    "selectors": {
      "1/8": {
        "membership_equal": true,
        "ambiguous_count": 0,
        "reference_member_count": 20322,
        "nearest_reference_cases": [
          {
            "class": 66891,
            "rho": 1.7270062921905653,
            "cap": 1.7269388197455342,
            "absolute_margin": 6.747244503113592e-05,
            "enclosure": [
              1.727006292190415,
              1.7270062921907157
            ]
          },
          {
            "class": 18526,
            "rho": 1.727011791140273,
            "cap": 1.7269388197455342,
            "absolute_margin": 7.297139473871894e-05,
            "enclosure": [
              1.7270117911401226,
              1.7270117911404232
            ]
          },
          {
            "class": 22635,
            "rho": 1.7268141051282684,
            "cap": 1.7269388197455342,
            "absolute_margin": 0.00012471461726581978,
            "enclosure": [
              1.726814105128118,
              1.7268141051284187
            ]
          },
          {
            "class": 57428,
            "rho": 1.726743515461992,
            "cap": 1.7269388197455342,
            "absolute_margin": 0.000195304283542308,
            "enclosure": [
              1.7267435154618416,
              1.7267435154621422
            ]
          },
          {
            "class": 11295,
            "rho": 1.7271656617965436,
            "cap": 1.7269388197455342,
            "absolute_margin": 0.00022684205100942378,
            "enclosure": [
              1.7271656617963933,
              1.727165661796694
            ]
          },
          {
            "class": 45301,
            "rho": 1.7267101264412377,
            "cap": 1.7269388197455342,
            "absolute_margin": 0.00022869330429653445,
            "enclosure": [
              1.7267101264410873,
              1.726710126441388
            ]
          },
          {
            "class": 3657,
            "rho": 1.727202727178501,
            "cap": 1.7269388197455342,
            "absolute_margin": 0.00026390743296689223,
            "enclosure": [
              1.7272027271783508,
              1.7272027271786514
            ]
          },
          {
            "class": 20479,
            "rho": 1.7266721729576697,
            "cap": 1.7269388197455342,
            "absolute_margin": 0.0002666467878644774,
            "enclosure": [
              1.7266721729575194,
              1.72667217295782
            ]
          },
          {
            "class": 69740,
            "rho": 1.7272056117335788,
            "cap": 1.7269388197455342,
            "absolute_margin": 0.00026679198804457904,
            "enclosure": [
              1.7272056117334285,
              1.727205611733729
            ]
          },
          {
            "class": 5221,
            "rho": 1.7272202725887826,
            "cap": 1.7269388197455342,
            "absolute_margin": 0.0002814528432484309,
            "enclosure": [
              1.7272202725886323,
              1.727220272588933
            ]
          }
        ]
      },
      "1/4": {
        "membership_equal": true,
        "ambiguous_count": 0,
        "reference_member_count": 42782,
        "nearest_reference_cases": [
          {
            "class": 38772,
            "rho": 3.4538381213309273,
            "cap": 3.4538776394910684,
            "absolute_margin": 3.9518160141138736e-05,
            "enclosure": [
              3.4538381213306266,
              3.453838121331228
            ]
          },
          {
            "class": 70194,
            "rho": 3.4539482600396787,
            "cap": 3.4538776394910684,
            "absolute_margin": 7.062054861028955e-05,
            "enclosure": [
              3.453948260039378,
              3.4539482600399793
            ]
          },
          {
            "class": 38587,
            "rho": 3.4537771229254557,
            "cap": 3.4538776394910684,
            "absolute_margin": 0.00010051656561271827,
            "enclosure": [
              3.453777122925155,
              3.4537771229257563
            ]
          },
          {
            "class": 63649,
            "rho": 3.4541674396469304,
            "cap": 3.4538776394910684,
            "absolute_margin": 0.0002898001558619967,
            "enclosure": [
              3.4541674396466298,
              3.454167439647231
            ]
          },
          {
            "class": 31242,
            "rho": 3.4542117482437953,
            "cap": 3.4538776394910684,
            "absolute_margin": 0.00033410875272688045,
            "enclosure": [
              3.4542117482434946,
              3.454211748244096
            ]
          },
          {
            "class": 35171,
            "rho": 3.4535198657028467,
            "cap": 3.4538776394910684,
            "absolute_margin": 0.0003577737882216603,
            "enclosure": [
              3.453519865702546,
              3.4535198657031474
            ]
          },
          {
            "class": 47864,
            "rho": 3.454241848747758,
            "cap": 3.4538776394910684,
            "absolute_margin": 0.0003642092566895627,
            "enclosure": [
              3.4542418487474573,
              3.4542418487480586
            ]
          },
          {
            "class": 6857,
            "rho": 3.4534589428284126,
            "cap": 3.4538776394910684,
            "absolute_margin": 0.0004186966626558153,
            "enclosure": [
              3.453458942828112,
              3.4534589428287132
            ]
          },
          {
            "class": 37697,
            "rho": 3.4543504567519334,
            "cap": 3.4538776394910684,
            "absolute_margin": 0.0004728172608650105,
            "enclosure": [
              3.4543504567516328,
              3.454350456752234
            ]
          },
          {
            "class": 67430,
            "rho": 3.453377913228309,
            "cap": 3.4538776394910684,
            "absolute_margin": 0.0004997262627592924,
            "enclosure": [
              3.4533779132280085,
              3.4533779132286098
            ]
          }
        ]
      },
      "1/2": {
        "membership_equal": true,
        "ambiguous_count": 0,
        "reference_member_count": 63435,
        "nearest_reference_cases": [
          {
            "class": 70719,
            "rho": 6.907769571989024,
            "cap": 6.907755278982137,
            "absolute_margin": 1.4293006887378112e-05,
            "enclosure": [
              6.907769571988423,
              6.9077695719896255
            ]
          },
          {
            "class": 67155,
            "rho": 6.9076550674278545,
            "cap": 6.907755278982137,